name,info,img
Via Giulio Catoni,http://ricerca.gelocal.it/trentinocorrierealpi/archivio/trentinocorrierealpi/2004/08/19/AN9PO_AN902.html,
Via Ezio Maccani,http://www.quirinale.it/elementi/DettaglioOnorificenze.aspx?decorato=13857,
Via Guido Poli,https://it.wikipedia.org/wiki/1%C2%BA_Reggimento_alpini#Decorati,
Piazza Quintilio Perini,https://it.wikipedia.org/wiki/Quintilio_Perini,https://upload.wikimedia.org/wikipedia/it/thumb/d/d5/QUINTILIO_PERINI.jpg/220px-QUINTILIO_PERINI.jpg
Salita Filippo Manci,https://it.wikipedia.org/wiki/I_Mille#M,
Via Galileo Galilei,https://it.wikipedia.org/wiki/Galileo_Galilei,https://upload.wikimedia.org/wikipedia/commons/thumb/c/cc/Galileo.arp.300pix.jpg/220px-Galileo.arp.300pix.jpg
Via Paolo Oss Mazzurana,https://it.wikipedia.org/wiki/Paolo_Oss_Mazzurana,https://upload.wikimedia.org/wikipedia/commons/thumb/f/f2/Paolo_Oss_Mazzurana.jpg/220px-Paolo_Oss_Mazzurana.jpg
Via Giuseppe Gilli,https://it.wikipedia.org/wiki/Supersprint,
Piazza Dante Alighieri,https://it.wikipedia.org/wiki/Dante_Alighieri,https://upload.wikimedia.org/wikipedia/commons/thumb/6/6f/Portrait_de_Dante.jpg/220px-Portrait_de_Dante.jpg
Via San Lorenzo,,
Via Rodolfo Belenzani,https://it.wikipedia.org/wiki/Rodolfo_Belenzani,
Via Alcide Degasperi,https://it.wikipedia.org/wiki/Alcide_De_Gasperi,https://upload.wikimedia.org/wikipedia/commons/thumb/b/b7/Alcide_de_Gasperi_2.jpg/225px-Alcide_de_Gasperi_2.jpg
Via di San Vincenzo,,
Via Carlo Dordi,http://www.chieracostui.com/costui/docs/search/schedaoltre.asp?ID=925,
Largo Giosuè Carducci,https://it.wikipedia.org/wiki/Giosu%C3%A8_Carducci,https://upload.wikimedia.org/wikipedia/commons/thumb/2/2f/Giosu%C3%A8_Carducci2.jpg/200px-Giosu%C3%A8_Carducci2.jpg
Largo Luigi Pigarelli,https://it.wikipedia.org/wiki/Luigi_Pigarelli,https://upload.wikimedia.org/wikipedia/commons/thumb/7/7f/Nazario_Sauro.jpg/220px-Nazario_Sauro.jpg
Via Carlo Antonio Pilati,https://it.wikipedia.org/wiki/Carlantonio_Pilati,
Via Giuseppe Grazioli,http://www.treccani.it/enciclopedia/giuseppe-grazioli_%28Dizionario_Biografico%29/,
Via Giuseppe Verdi,https://it.wikipedia.org/wiki/Giuseppe_Verdi,https://upload.wikimedia.org/wikipedia/commons/thumb/5/55/Giuseppe_Verdi_by_Giovanni_Boldini.jpg/220px-Giuseppe_Verdi_by_Giovanni_Boldini.jpg
Passaggio Vittorio Zippel,https://it.wikipedia.org/wiki/Vittorio_Zippel,https://upload.wikimedia.org/wikipedia/it/c/c9/Vittorio_Zippel.jpg
Piazza Santa Maria Maggiore,,
Via Camillo Cavour,"https://it.wikipedia.org/wiki/Camillo_Benso,_conte_di_Cavour",https://upload.wikimedia.org/wikipedia/commons/thumb/c/c2/Camillo_Benso_Cavour_di_Ciseri.jpg/225px-Camillo_Benso_Cavour_di_Ciseri.jpg
Via Armando Diaz,https://it.wikipedia.org/wiki/Armando_Diaz,https://upload.wikimedia.org/wikipedia/commons/thumb/e/e0/A_Diaz.jpg/225px-A_Diaz.jpg
Via Bernardo Clesio,https://it.wikipedia.org/wiki/Bernardo_Clesio,https://upload.wikimedia.org/wikipedia/commons/thumb/2/2b/Bartholom%C3%A4us_Bruyn_d._%C3%84._010.jpg/220px-Bartholom%C3%A4us_Bruyn_d._%C3%84._010.jpg
Via Roberto da Sanseverino,https://it.wikipedia.org/wiki/Roberto_Sanseverino_d'Aragona,
Via Hubert Jedin,https://it.wikipedia.org/wiki/Hubert_Jedin,
Ponte di San Lorenzo,,
Via senatore Carlo Esterle,https://it.wikipedia.org/wiki/Carlo_Esterle,https://upload.wikimedia.org/wikipedia/commons/9/91/CarloEsterle.gif
Via Don Tommaso Dallafior,,
Via Enrico Fermi,https://it.wikipedia.org/wiki/Enrico_Fermi,https://upload.wikimedia.org/wikipedia/commons/thumb/d/d4/Enrico_Fermi_1943-49.jpg/220px-Enrico_Fermi_1943-49.jpg
Via Alessandro Volta,https://it.wikipedia.org/wiki/Alessandro_Volta,https://upload.wikimedia.org/wikipedia/commons/thumb/5/52/Alessandro_Volta.jpeg/244px-Alessandro_Volta.jpeg
Piazza Giannatonio Manci,https://it.wikipedia.org/wiki/Giannantonio_Manci,https://upload.wikimedia.org/wikipedia/it/thumb/0/05/Giannantonio_Manci.jpg/220px-Giannantonio_Manci.jpg
Via Tommaso Gar,https://it.wikipedia.org/wiki/Tommaso_Gar,https://upload.wikimedia.org/wikipedia/commons/thumb/a/a9/Tommaso_Gar.jpg/220px-Tommaso_Gar.jpg
Via Livio Druso,,
Ponte San Giorgio,,
Via Felice e Gregorio Fontana,https://it.wikipedia.org/wiki/Felice_Fontana|https://it.wikipedia.org/wiki/Gregorio_Fontana_%28matematico%29,https://upload.wikimedia.org/wikipedia/commons/thumb/5/59/Felice_Fontana_1730-1805.png/180px-Felice_Fontana_1730-1805.png|https://upload.wikimedia.org/wikipedia/commons/thumb/e/e1/Gregorio_Fontana.jpg/180px-Gregorio_Fontana.jpg
Via Francesco Ambrosi,https://it.wikipedia.org/wiki/Francesco_Ambrosi,https://upload.wikimedia.org/wikipedia/commons/thumb/c/c5/Ambrosi_Francesco_1821-1897.png/220px-Ambrosi_Francesco_1821-1897.png
Lungadige Marco Apuleio,http://www.santapollinare.tn.it/inserti-lapidei.html,
Via Alessandro Manzoni,https://it.wikipedia.org/wiki/Alessandro_Manzoni,https://upload.wikimedia.org/wikipedia/commons/thumb/0/02/Francesco_Hayez_040.jpg/250px-Francesco_Hayez_040.jpg
Via Bartolomeo da Trento,http://catalog.hathitrust.org/Record/002893287,
Via Gandhi,https://it.wikipedia.org/wiki/Mahatma_Gandhi,https://upload.wikimedia.org/wikipedia/commons/thumb/d/d1/Portrait_Gandhi.jpg/220px-Portrait_Gandhi.jpg
Via Antonio Gramsci,https://it.wikipedia.org/wiki/Antonio_Gramsci,https://upload.wikimedia.org/wikipedia/commons/thumb/e/e6/Gramsci.png/250px-Gramsci.png
Via Luigi Einaudi,https://it.wikipedia.org/wiki/Luigi_Einaudi,https://upload.wikimedia.org/wikipedia/it/thumb/4/45/LuigiEinaudi.jpg/225px-LuigiEinaudi.jpg
Largo Nazario Sauro,https://it.wikipedia.org/wiki/Nazario_Sauro,https://upload.wikimedia.org/wikipedia/commons/thumb/7/7f/Nazario_Sauro.jpg/220px-Nazario_Sauro.jpg
Corso Michelangelo Buonarroti,https://it.wikipedia.org/wiki/Michelangelo_Buonarroti,https://upload.wikimedia.org/wikipedia/commons/thumb/c/ca/Michelangelo-Buonarroti1.jpg/220px-Michelangelo-Buonarroti1.jpg
Lungadige Giacomo Leopardi,https://it.wikipedia.org/wiki/Giacomo_Leopardi,https://upload.wikimedia.org/wikipedia/commons/thumb/c/c6/Leopardi%2C_Giacomo_%281798-1837%29_-_ritr._A_Ferrazzi%2C_Recanati%2C_casa_Leopardi.jpg/260px-Leopardi%2C_Giacomo_%281798-1837%29_-_ritr._A_Ferrazzi%2C_Recanati%2C_casa_Leopardi.jpg
Via Giovanni Pedrotti,https://it.wikipedia.org/wiki/Giovanni_Pedrotti,
Via Cristoforo Busetti,https://it.wikipedia.org/wiki/Cristoforo_Busetti,
Via Antonio Abondi,https://it.wikipedia.org/wiki/Antonio_Abondio,https://upload.wikimedia.org/wikipedia/commons/thumb/8/85/Antonio-Abodino-d.-J..jpg/220px-Antonio-Abodino-d.-J..jpg
Piazza General Antonio Cantore,https://it.wikipedia.org/wiki/Antonio_Cantore,https://upload.wikimedia.org/wikipedia/it/thumb/f/f7/Cantore.gif/111px-Cantore.gif
Via Giovanni Segantini,https://it.wikipedia.org/wiki/Giovanni_Segantini,https://upload.wikimedia.org/wikipedia/commons/thumb/8/81/Selbstbildnis_1895.jpg/200px-Selbstbildnis_1895.jpg
Piazza Giuseppe Menghin,https://it.wikipedia.org/wiki/Giuseppe_Meneghini,https://upload.wikimedia.org/wikipedia/it/thumb/4/4c/Meneghinig.gif/220px-Meneghinig.gif
Via Don Leone Serafini,,
Via generale Giacomo Medici,https://it.wikipedia.org/wiki/Giacomo_Medici,https://upload.wikimedia.org/wikipedia/commons/thumb/6/66/Generale_medici_%281887%29.jpg/200px-Generale_medici_%281887%29.jpg
Via San Vigilio,https://it.wikipedia.org/wiki/Vigilio_di_Trento,https://upload.wikimedia.org/wikipedia/commons/thumb/a/a9/Vigilius_and_companions-Naurizio.JPG/225px-Vigilius_and_companions-Naurizio.JPG
Via Benedetto Giovanelli,https://it.wikipedia.org/wiki/Benedetto_Giovanelli,
Via San Pietro,,
Via Antonio Rosmini,https://it.wikipedia.org/wiki/Antonio_Rosmini,https://upload.wikimedia.org/wikipedia/commons/thumb/3/3b/Antonio_Rosmini.JPG/225px-Antonio_Rosmini.JPG
Via Don Giovanni Battista Zanella,,
Via Vittorio de Riccabona,https://it.wikipedia.org/wiki/Vittorio_de_Riccabona,https://upload.wikimedia.org/wikipedia/it/thumb/1/18/Vittorio_de_Riccabona.jpg/220px-Vittorio_de_Riccabona.jpg
Via Giovanni Battista Borsieri,http://www.chieracostui.com/costui/docs/search/schedaoltre.asp?ID=1583,
Via Antonio da Trento,https://it.wikipedia.org/wiki/Antonio_da_Trento,
Largo Eugenio Prati,https://it.wikipedia.org/wiki/Eugenio_Prati,
Via Padre Eusebio Chini,https://it.wikipedia.org/wiki/Eusebio_Francesco_Chini,https://upload.wikimedia.org/wikipedia/commons/thumb/d/d3/Padre_Misionero_Francisco_Eusebio_Kino.jpg/220px-Padre_Misionero_Francisco_Eusebio_Kino.jpg
Via Giuseppe Gerola,https://it.wikipedia.org/wiki/Giuseppe_Gerola,https://upload.wikimedia.org/wikipedia/it/thumb/0/0e/Gerola.jpg/220px-Gerola.jpg
Via Caio Valerio Mariano,,
Via Antonio Fogazzaro,https://it.wikipedia.org/wiki/Antonio_Fogazzaro,https://upload.wikimedia.org/wikipedia/commons/d/de/Antonio_Fogazzaro2.jpg
Via Annibale Apollonio,http://www.angeloelli.it/alpinisti/file/Apollonio%20Annibale%20%281848-1915%29.html,
Via Aurelio Nicolodi,https://it.wikipedia.org/wiki/Aurelio_Nicolodi,
Via Riccardo Zandonai,https://it.wikipedia.org/wiki/Riccardo_Zandonai,https://upload.wikimedia.org/wikipedia/it/8/8a/Zandonai.jpg
Via Enrico Conci,https://it.wikipedia.org/wiki/Enrico_Conci,https://upload.wikimedia.org/wikipedia/it/thumb/e/e9/Enrico_Conci.jpg/200px-Enrico_Conci.jpg
Via Giuseppe Ferrandi,http://trentinocorrierealpi.gelocal.it/tempo-libero/2015/10/18/news/giuseppe-ferrandi-l-avversario-di-degasperi-1.12292103,
Via Tullio Odorizzi,https://it.wikipedia.org/wiki/Tullio_Odorizzi,https://upload.wikimedia.org/wikipedia/it/thumb/8/8f/Tullio_Odorizzi.jpg/225px-Tullio_Odorizzi.jpg
Via San Bartolameo,,
Viale Nepomuceno Bolognini,https://it.wikipedia.org/wiki/Nepomuceno_Bolognini,https://upload.wikimedia.org/wikipedia/it/thumb/8/84/Bolognini.JPG/220px-Bolognini.JPG
Viale Nepomuceno Bolognini,https://it.wikipedia.org/wiki/Nepomuceno_Bolognini,https://upload.wikimedia.org/wikipedia/it/thumb/8/84/Bolognini.JPG/220px-Bolognini.JP
Via Giovanni a Prato,https://storiaterritoriotrentino.fbk.eu/content/giovanni-prato-0,
Via Bartolomeo Malfatti,https://it.wikipedia.org/wiki/Bartolomeo_Malfatti,
Via Fratelli Perini,,
Via Cesare Abba,,
Via San Bernardino,,
Via padre Benedetto Bonelli,https://it.wikisource.org/wiki/Autore:Benedetto_Bonelli,
Via Torquato Taramelli,https://it.wikipedia.org/wiki/Torquato_Taramelli,https://upload.wikimedia.org/wikipedia/commons/c/c8/TTaramelli.jpg
Via Giovanni Pascoli,https://it.wikipedia.org/wiki/Giovanni_Pascoli,https://upload.wikimedia.org/wikipedia/commons/thumb/7/7b/Giovanni_Pascoli_01.jpg/220px-Giovanni_Pascoli_01.jpg
Via Ergisto Bezzi,https://it.wikipedia.org/wiki/Ergisto_Bezzi,https://upload.wikimedia.org/wikipedia/it/thumb/e/ed/Bezzi2.JPG/220px-Bezzi2.JPG
Via Fabio Filzi,https://it.wikipedia.org/wiki/Fabio_Filzi,https://upload.wikimedia.org/wikipedia/it/thumb/9/90/Fabio_Filzi.jpg/220px-Fabio_Filzi.jpg
Via Damiano Chiesa,https://it.wikipedia.org/wiki/Damiano_Chiesa,https://upload.wikimedia.org/wikipedia/it/thumb/f/f2/Damiano_Chiesa.jpg/220px-Damiano_Chiesa.jpg
Via Fratelli Bronzetti,https://it.wikipedia.org/wiki/Narciso_Bronzetti|https://it.wikipedia.org/wiki/Pilade_Bronzetti,
Via Pietro Andrea Mattioli,https://it.wikipedia.org/wiki/Pietro_Andrea_Mattioli,
Via Ottaviano Rovereti,http://www.televignole.it/trento-arte-e-storia-2/trento-da-vedere-198/,
Via Giuseppe Giusti,https://it.wikipedia.org/wiki/Giuseppe_Giusti,https://upload.wikimedia.org/wikipedia/commons/9/9e/Giuseppe_Giusti.jpg
Via Giacomo Matteotti,https://it.wikipedia.org/wiki/Giacomo_Matteotti,https://upload.wikimedia.org/wikipedia/it/thumb/e/e0/Giacomo_Matteotti.jpeg/230px-Giacomo_Matteotti.jpeg
Via generale Guglielmo Pecori Gilardi,https://it.wikipedia.org/wiki/Guglielmo_Pecori_Giraldi,https://upload.wikimedia.org/wikipedia/it/thumb/d/dc/Guglielmo_Pecori_Giraldi.jpg/200px-Guglielmo_Pecori_Giraldi.jpg
Lungadige Louis Braille,https://it.wikipedia.org/wiki/Louis_Braille,https://upload.wikimedia.org/wikipedia/commons/thumb/9/92/Louis_Braille_by_%C3%89tienne_Leroux.jpg/220px-Louis_Braille_by_%C3%89tienne_Leroux.jpg
Via Gino Buccella,http://digilander.libero.it/frontedeserto/biografie/buccella.htm,
Via Don Alfonso Anselmi,,
Via Francesco Petrarca,https://it.wikipedia.org/wiki/Francesco_Petrarca,https://upload.wikimedia.org/wikipedia/commons/thumb/5/59/Francesco_Petrarca00.jpg/220px-Francesco_Petrarca00.jpg
Via Clementino Vannetti,https://it.wikipedia.org/wiki/Clementino_Vannetti,https://upload.wikimedia.org/wikipedia/commons/b/b5/ClementinoVannetti.jpg
Via Giovanni Antonio Scopoli,https://it.wikipedia.org/wiki/Giovanni_Antonio_Scopoli,https://upload.wikimedia.org/wikipedia/commons/thumb/2/28/Scopoli_Giovanni_Antonio_1723-1788.jpg/220px-Scopoli_Giovanni_Antonio_1723-1788.jpg
Via cardinale Giovanni Gerolamo Morone,https://it.wikipedia.org/wiki/Giovanni_Gerolamo_Morone,https://upload.wikimedia.org/wikipedia/commons/thumb/e/e1/Anonimo_Giovanni_Morone.jpg/237px-Anonimo_Giovanni_Morone.jpg
Via Umberto Moggioli,https://it.wikipedia.org/wiki/Umberto_Moggioli,
Via San Martino,,
Via Gino Pancheri,https://it.wikipedia.org/wiki/Gino_Pancheri,
Via Tullio Garbari,https://it.wikipedia.org/wiki/Tullio_Garbari,
Via Giambattista Unterveger,http://www.giornalesentire.it/2008/aprile/457/giovannibattistauntervegerl-ottimista.html,
Via Francesco Ferruccio,https://it.wikipedia.org/wiki/Francesco_Vigilio_Barbacovi,
Via Augusto Avancini,http://catalogo.archividelnovecento.it/scripts/GeaCGI.exe?REQSRV=REQPROFILE&ID=28079,
Via Padre Alberto Gianordoli,,
Via Guglielmo Marconi,https://it.wikipedia.org/wiki/Guglielmo_Marconi,https://upload.wikimedia.org/wikipedia/commons/thumb/3/3b/Marconi.jpg/200px-Marconi.jpg
Salita Giovanni dalla Fior,,
Via Don Narciso Sordo,https://trentoricorda.wordpress.com/2011/06/07/don-narciso-sordo/,
Salita Giangrisostomo Tovazzi,,
Via Mario Cavalieri,,
Via San Francesco d'Assisi,https://it.wikipedia.org/wiki/Francesco_d'Assisi,https://upload.wikimedia.org/wikipedia/commons/f/f8/San_Francesco.jpg
Via Vittorio Alfieri,https://it.wikipedia.org/wiki/Vittorio_Alfieri,https://upload.wikimedia.org/wikipedia/commons/thumb/a/af/Ritratto_di_Alfieri_Fran%C3%A7ois-Xavier_Fabre.jpg/238px-Ritratto_di_Alfieri_Fran%C3%A7ois-Xavier_Fabre.jpg
Vicolo Lodovico Niccolini,http://www.internetculturale.it/opencms/ricercaExpansion.jsp?q=&searchType=avanzato&channel__creator=Niccolini%2C+Lodovico&channel__contributor=Niccolini%2C+Lodovico&opCha__contributor=OR&opCha__creator=OR,
Piazza Raffaello Sanzio,https://it.wikipedia.org/wiki/Raffaello_Sanzio,https://upload.wikimedia.org/wikipedia/commons/thumb/6/6a/Selfportrait_of_Raffaelo%2C_Uffizi_Florence.jpg/220px-Selfportrait_of_Raffaelo%2C_Uffizi_Florence.jpg
Via Vigilio Inama,https://it.wikipedia.org/wiki/Vigilio_Inama,https://upload.wikimedia.org/wikipedia/commons/thumb/3/3b/Vigilio_de_Inama.jpg/220px-Vigilio_de_Inama.jpg
Via Giuseppe Canestrini,http://www.storiadifirenze.org/?storici=canestrini-giuseppe,
Vicolo San Martino,,
Ponte Lodovico,http://ricerca.gelocal.it/trentinocorrierealpi/archivio/trentinocorrierealpi/2005/10/22/ANTPO_ANT01.html,
Via Padre Eusebio Iori,http://www.chieracostui.com/costui/docs/search/schedaoltre.asp?ID=4151,
Via Bruno de Finetti,https://it.wikipedia.org/wiki/Bruno_de_Finetti,https://upload.wikimedia.org/wikipedia/it/thumb/9/94/Bruno_de_Finetti.jpg/220px-Bruno_de_Finetti.jpg
Via Livio Marchetti,http://www.amazon.it/Libri-Livio-MARCHETTI/s?ie=UTF8&page=1&rh=n%3A411663031%2Cp_27%3ALivio.%20MARCHETTI,
Via Monsignor Celestino Endrici,https://it.wikipedia.org/wiki/Celestino_Endrici,https://upload.wikimedia.org/wikipedia/it/thumb/4/42/Celestino_Endrici.jpg/250px-Celestino_Endrici.jpg
Via Don Arcangelo Rizzi,,
Via San Giovanni,,
Via Andrea Pozzo,https://it.wikipedia.org/wiki/Andrea_Pozzo,https://upload.wikimedia.org/wikipedia/commons/thumb/4/47/Andrea_Pozzo%2C_autoportrait.jpg/220px-Andrea_Pozzo%2C_autoportrait.jpg
Via Gino Onestinghel,http://www.liceoprati.it/Info-scuola/Avvisi/Premio-di-studio-Prof.Gino-Onestinghel-informazioni-sul-bando,
Via Paolo Orsi,https://it.wikipedia.org/wiki/Paolo_Orsi,https://upload.wikimedia.org/wikipedia/commons/thumb/1/11/Orsi-Portrait.jpg/220px-Orsi-Portrait.jpg
Piazza Costantino Condini,,
Via Simone Felice Crosina e Dante Sartori,http://www.fondazione-csc.it/index.php?option=com_content&view=article&id=49&Itemid=37&jjj=1447061048171,
Rione San Marco,,
Via San Pio X,https://it.wikipedia.org/wiki/Papa_Pio_X,https://upload.wikimedia.org/wikipedia/commons/thumb/1/11/Portrait_of_Pope_St._Pius_X_%28Colored%29.jpg/250px-Portrait_of_Pope_St._Pius_X_%28Colored%29.jpg
Via Orazio Benevoli,https://it.wikipedia.org/wiki/Orazio_Benevoli,
Via Giovanni Pierluigi da Palestrina,https://it.wikipedia.org/wiki/Giovanni_Pierluigi_da_Palestrina,https://upload.wikimedia.org/wikipedia/commons/thumb/1/18/Giovanni_Pierluigi_da_Palestrina.jpg/220px-Giovanni_Pierluigi_da_Palestrina.jpg
Via Carlo Martini,,
Via don Mansueto Mazzonelli,,
Via Giovanni Oberziner,http://www.agiati.org/ara_abbonamenti.jsp?ID_LINK=113111&area=195&id_context=322787,
Via Giacomo Bresadola,https://it.wikipedia.org/wiki/Giacomo_Bresadola,https://upload.wikimedia.org/wikipedia/commons/thumb/2/27/Giacomo_Bresadola.jpg/220px-Giacomo_Bresadola.jpg
Via Desiderio Reich,https://it.wikipedia.org/wiki/Desiderio_Reich,https://upload.wikimedia.org/wikipedia/it/0/00/Desiderio_Reich.jpg
Vicolo cardinale Cristoforo Madruzzo,https://it.wikipedia.org/wiki/Cristoforo_Madruzzo,https://upload.wikimedia.org/wikipedia/commons/thumb/f/f9/Ticiano_-_cardealmadruzzo05.jpg/155px-Ticiano_-_cardealmadruzzo05.jpg
Via Romano Guardini,https://it.wikipedia.org/wiki/Romano_Guardini,
Via Antonio Pranzelores,,
Via Hermann Gmeiner,https://it.wikipedia.org/wiki/Hermann_Gmeiner,
Via Franco Menestrina,http://ricerca.gelocal.it/trentinocorrierealpi/archivio/trentinocorrierealpi/2004/08/19/AN9PO_AN902.html,
Via Bernardino Bomporto,,
Via Don Dario Trentini,http://ricerca.gelocal.it/trentinocorrierealpi/archivio/trentinocorrierealpi/2004/08/19/AN9PO_AN902.html,
Via Ubaldo Crozzoli,http://ricerca.gelocal.it/trentinocorrierealpi/archivio/trentinocorrierealpi/2004/08/19/AN9PO_AN902.html,
Via San Vito,,
Lungavisio Luigi Tomasi,,
Via Renato Lunelli,http://www.treccani.it/enciclopedia/renato-lunelli_%28Dizionario_Biografico%29/,
Via Padre Emilio Chiocchetti,http://www.circolorovisi.it/default.asp?testo=73&lingua=1,
Via Giovanni Battista Trener,http://catalogo.archividelnovecento.it/scripts/GeaCGI.exe?REQSRV=REQPROFILE&ID=28054,
Via Giulio Ciurletti,,
Via Nilo Piccoli,https://it.wikipedia.org/wiki/Nilo_Piccoli,
Via Beniamino Kofler,,
Via Eduino Fellin,,
Via di San Sebastiano,,
Via Antonio Gazzoletti,https://it.wikipedia.org/wiki/Antonio_Gazzoletti,
Via dei Santi Pietro e Paolo,,
Via Aldo Gorfer,http://www.zam.it/biografia_Aldo_Gorfer,
Via Marino Stenico,,
Via Ernesto Sestan,https://it.wikipedia.org/wiki/Ernesto_Sestan,
Via Don Savino Pedrolli,http://www.questotrentino.it/articolo/10625/l_ossessione_della_memoria.htm,
Via Savino Giacomoni,,
Via Don Francesco Torresani,,
Via Antonio Stoppani,https://it.wikipedia.org/wiki/Antonio_Stoppani,https://upload.wikimedia.org/wikipedia/commons/thumb/d/de/Stoppani_portrait2.jpg/220px-Stoppani_portrait2.jpg
Lungadige San Nicolò,,
Via professore Giacomo Roberti,http://www.agiati.it/UploadDocs/5200_Art05_azzolini.pdf,
Ponte San Nicolò,,
Via Gian Domenico Romagnosi,https://it.wikipedia.org/wiki/Gian_Domenico_Romagnosi,https://upload.wikimedia.org/wikipedia/commons/thumb/d/d7/Romagnosi.jpg/220px-Romagnosi.jpg
Via San Giorgio,,
Via Santi Cosma e Damiano,https://it.wikipedia.org/wiki/Cosma_e_Damiano,https://upload.wikimedia.org/wikipedia/commons/thumb/c/c1/Cosmas_and_Damian.jpg/225px-Cosmas_and_Damian.jpg
Via San Daniele Comboni,https://it.wikipedia.org/wiki/Daniele_Comboni,https://upload.wikimedia.org/wikipedia/commons/thumb/5/58/Daniele_Comboni.jpg/250px-Daniele_Comboni.jpg
Piazza Leonardo Da Vinci,https://it.wikipedia.org/wiki/Leonardo_da_Vinci,https://upload.wikimedia.org/wikipedia/commons/thumb/b/ba/Leonardo_self.jpg/220px-Leonardo_self.jpg
Belvedere San Francesco,,
Salita Vittore Ricci,,
Via Laurence Feininger,https://it.wikipedia.org/wiki/Laurence_Feininger,
Via Andrea Maffei,https://it.wikipedia.org/wiki/Andrea_Maffei_%28poeta%29,https://upload.wikimedia.org/wikipedia/commons/e/e6/Andrea_Maffei.jpg
Via Giuseppe Mazzini,https://it.wikipedia.org/wiki/Giuseppe_Mazzini,https://upload.wikimedia.org/wikipedia/commons/thumb/1/1a/Giuseppe_Mazzini.jpg/225px-Giuseppe_Mazzini.jpg
Via Augusto Goio,https://www.google.it/search?client=ubuntu&channel=fs&q=Augusto+Goio&ie=utf-8&oe=utf-8&gfe_rd=cr&ei=-7w_VpuPJuSl8we1joHwBw,
Via Danilo Paris,http://storia.camera.it/deputato/danilo-paris-19101020,
Via Luigi Caneppele,http://dalpontelorenzo.blogspot.it/2013/03/luigi-caneppele.html,
Via Gianni Caproni,https://it.wikipedia.org/wiki/Giovanni_Battista_Caproni,https://upload.wikimedia.org/wikipedia/it/thumb/a/ad/Gianni_Caproni.jpg/220px-Gianni_Caproni.jpg
Via Luigi Bonazza,https://it.wikipedia.org/wiki/Luigi_Bonazza,
Via San Marco,,
Via Giannantonio Manci,https://it.wikipedia.org/wiki/Giannantonio_Manci,https://upload.wikimedia.org/wikipedia/it/thumb/0/05/Giannantonio_Manci.jpg/220px-Giannantonio_Manci.jpg
Via Leopoldo Pergher,http://www.valledeilaghi.it/jcms/201008072340/regionali/in-ricordo-di-leopoldo-pergher-trento.htm,
Via Dante Sartori,http://trentinocorrierealpi.gelocal.it/tempo-libero/2014/10/23/news/sessant-anni-fa-moriva-dante-sartori-il-padre-del-teatro-popolare-1.10173658,
Via Emanuele Lanzerotti,http://www.cooperazione.net/pagina.asp?pid=432&uid=29,
Via Edmund Mach,https://it.wikipedia.org/wiki/Edmund_Mach,https://upload.wikimedia.org/wikipedia/commons/thumb/6/61/Edmund_Mach.jpg/220px-Edmund_Mach.jpg
Via Angelo Bettini,http://www.chieracostui.com/costui/docs/search/schedaoltre.asp?ID=2679,
Via Benedetto Gentilotti,https://it.wikipedia.org/wiki/Giovanni_Benedetto_Gentilotti,
Via Dario Lorenzini,,
Via Francesco Guardi,https://it.wikipedia.org/wiki/Francesco_Guardi,https://upload.wikimedia.org/wikipedia/commons/thumb/a/a4/Pietro_Longhi_055.jpg/250px-Pietro_Longhi_055.jpg
Via Clemente Andreatta,,
Via Marco Pola,https://it.wikipedia.org/wiki/Marco_Pola,
Via Giuseppe Ruatti,https://upload.wikimedia.org/wikipedia/commons/thumb/1/1a/Giuseppe_Mazzini.jpg/225px-Giuseppe_Mazzini.jpg,
Via Bruno Cetto,https://it.wikipedia.org/wiki/Bruno_Cetto,
Via Filippo Serafini,https://it.wikipedia.org/wiki/Filippo_Serafini,https://upload.wikimedia.org/wikipedia/it/b/bf/Fserafini.gif
Via Ottone Brentari,https://it.wikipedia.org/wiki/Ottone_Brentari,
Via Guglielmo Ranzi,http://www.chieracostui.com/costui/docs/search/schedaoltre.asp?ID=4013,
Via Jacopo Aconcio,https://it.wikipedia.org/wiki/Iacopo_Aconcio,https://upload.wikimedia.org/wikipedia/commons/thumb/3/36/Jacopo_Aconcio.jpg/170px-Jacopo_Aconcio.jpg
Via Martino Aichner,https://it.wikipedia.org/wiki/Martino_Aichner,
Via Ezio Franceschini,https://it.wikipedia.org/wiki/Ezio_Franceschini,
Piazzale Camillo Rusconi,http://www.comune.trento.it/Comune/Organi-politici/Circoscrizioni/Circoscrizione-n.-12-Centro-storico-Piedicastello/Deliberazioni/Delibera-66-del-2013-Circoscrizione-n.-12-Centro-storico-Piedicastello,
Via Scipio Sighele,https://it.wikipedia.org/wiki/Scipio_Sighele,https://upload.wikimedia.org/wikipedia/commons/thumb/7/70/PSM_V52_D780_Scipio_Sighele.jpg/220px-PSM_V52_D780_Scipio_Sighele.jpg
Via Antonio Vivaldi,https://it.wikipedia.org/wiki/Antonio_Vivaldi,https://upload.wikimedia.org/wikipedia/commons/thumb/1/1b/Antonio_Vivaldi.jpg/220px-Antonio_Vivaldi.jpg
Via Umberto Giordano,https://it.wikipedia.org/wiki/Umberto_Giordano,https://upload.wikimedia.org/wikipedia/it/thumb/4/41/Umberto_Giordano.jpg/220px-Umberto_Giordano.jpg
Via Michelangelo Mariani,,
Vicolo Beato Stefano Bellesini,https://it.wikipedia.org/wiki/Stefano_Bellesini,https://upload.wikimedia.org/wikipedia/commons/thumb/6/62/Beato_Stefano_Bellesini.JPG/220px-Beato_Stefano_Bellesini.JPG
Via Mattia Carneri,https://it.wikipedia.org/wiki/Mattia_Carneri,
Via di San Michele,,
Via Giuseppe Antonio Slop,http://www.trentinocultura.net/orizzonti/notizie/Anno-2008/slop.doc_cvt.asp,
Via Francesco Barbacovi,https://it.wikipedia.org/wiki/Francesco_Vigilio_Barbacovi,
Via Giuseppe Garibaldi,https://it.wikipedia.org/wiki/Giuseppe_Garibaldi,https://upload.wikimedia.org/wikipedia/commons/thumb/3/3a/Giuseppe_Garibaldi_%281866%29.jpg/250px-Giuseppe_Garibaldi_%281866%29.jpg
Via San Giovanni Bosco,https://it.wikipedia.org/wiki/Giovanni_Bosco,https://upload.wikimedia.org/wikipedia/commons/thumb/a/a4/Don_BoscoII.jpg/225px-Don_BoscoII.jpg
Passaggio Silvio Dorigoni,https://it.wikipedia.org/wiki/Silvio_Dorigoni,
Via Domenico Zeni,,
Via Luigi Ratini,https://it.wikipedia.org/wiki/Luigi_Ratini,
Via Lodovico de Balzani,https://it.wikipedia.org/wiki/Sardagna#Storia,
Piazzetta Sant'Apollinare,,
Via Luigi Senesi,https://it.wikipedia.org/wiki/Luigi_Senesi,
Via Aldo Schmid,http://aldo.schmid.gallery/,
Via Antonio Detassis,http://www.questotrentino.it/articolo/10437/vite_avventurose.htm,
Via don Lorenzo Guetti,https://it.wikipedia.org/wiki/Lorenzo_Guetti,
Via del Simonino,https://it.wikipedia.org/wiki/Simonino_di_Trento,https://upload.wikimedia.org/wikipedia/commons/thumb/0/07/Altobello_Melone_Simonino_Trento.JPG/220px-Altobello_Melone_Simonino_Trento.JPG
Passaggio Don Michele Zulian,,
Via Giovanni Ossana,https://it.wikipedia.org/wiki/Giovanni_Ossanna,
Via monsignor Celestino Endrici,https://it.wikipedia.org/wiki/Celestino_Endrici,https://upload.wikimedia.org/wikipedia/it/thumb/4/42/Celestino_Endrici.jpg/250px-Celestino_Endrici.jpg
Passaggio San Benedetto,,
Passaggio Benvenuto Maria Disertori,https://it.wikipedia.org/wiki/Benvenuto_Maria_Disertori,
Via Giuseppe Brunner,,
Via Francesco Antonio Giongo,https://it.wikipedia.org/wiki/Fontana_del_Nettuno_%28Trento%29,
Piazza Silvio Pellico,https://it.wikipedia.org/wiki/Silvio_Pellico,https://upload.wikimedia.org/wikipedia/commons/thumb/9/9b/Silvio_Pellico.jpg/220px-Silvio_Pellico.jpg
Via beato Lodovico Pavoni,https://it.wikipedia.org/wiki/Lodovico_Pavoni,https://upload.wikimedia.org/wikipedia/commons/thumb/0/0f/20020414_pavoni.jpg/225px-20020414_pavoni.jpg
Via Secondo da Trento,https://it.wikipedia.org/wiki/Secondo_di_Non,
Via cardinale Cristoforo Madruzzo,https://it.wikipedia.org/wiki/Cristoforo_Madruzzo,https://upload.wikimedia.org/wikipedia/commons/thumb/f/f9/Ticiano_-_cardealmadruzzo05.jpg/155px-Ticiano_-_cardealmadruzzo05.jpg
Via attrezzata Giulio Segata,,
Via Cristoforo Benedetti,https://de.wikipedia.org/wiki/Cristoforo_Benedetti,
Via Cesare Beccaria,,
Galleria Giuseppe Garbari,,
Via Don Luca Deflorian,,
Piazzetta Filippo Foti e Edoardo Martini,https://it.wikipedia.org/wiki/Filippo_Foti|https://it.wikipedia.org/wiki/Edoardo_Martini,https://upload.wikimedia.org/wikipedia/it/thumb/1/19/Filippo_Foti.jpg/220px-Filippo_Foti.jpg|https://upload.wikimedia.org/wikipedia/it/thumb/b/b2/Edoardo_Martini.jpeg/220px-Edoardo_Martini.jpeg
Via San Giovanni Nepomuceno,https://it.wikipedia.org/wiki/Giovanni_Nepomuceno,https://upload.wikimedia.org/wikipedia/commons/thumb/4/43/Pintor_florentino_-_S%C3%A3o_Jo%C3%A3o_Nepomuceno.jpg/225px-Pintor_florentino_-_S%C3%A3o_Jo%C3%A3o_Nepomuceno.jpg
Via professore Vittorio Marchesoni,http://www.researchgate.net/profile/Marco_Cantonati2/publication/236209031_Vittorio_Marchesoni_%281912-1963%29_and_his_contribution_to_phycology/links/00b49516fbdedaf2ee000000.pdf,
Passagio Giovanni Peterlongo,https://it.wikipedia.org/wiki/Giovanni_Peterlongo,
Vicolo Giacomo Felice Bortolotti,https://www.cultura.trentino.it/archivistorici/soggettiproduttori/911342;jsessionid=FF9E0F2161E42A9B59BBBAD5E8A73394,
Passaggio Luigi Carbonari,https://it.wikipedia.org/wiki/Luigi_Carbonari,https://upload.wikimedia.org/wikipedia/it/thumb/c/c2/LuigiCarbonari.jpg/200px-LuigiCarbonari.jpg
Largo Padre Teofilo,,
Via Enrico Tambosi,,
Via Antonio Tambosi,https://it.wikipedia.org/wiki/Podest%C3%A0_di_Trento#Elenco,
Piazzetta Luigi Negrelli,https://it.wikipedia.org/wiki/Luigi_Negrelli,https://upload.wikimedia.org/wikipedia/it/b/b7/Luigi_Negrelli.JPG
Via Bepi Todesca,http://www.bibliotecapinzolo.it/files/2014/10/06/Adige1005p-14.pdf,
Via Giuseppe Tosetti,,
Via Giovanni Battista Fattori,http://www.treccani.it/enciclopedia/giovanni-battista-fattori_%28Dizionario_Biografico%29/,
Salita Sodegerio da Tito,https://it.wikipedia.org/wiki/Sodegerio_da_Tito,https://upload.wikimedia.org/wikipedia/commons/thumb/d/db/Frederick_II_and_eagle.jpg/220px-Frederick_II_and_eagle.jpg
Vicolo maestro Venceslao,https://it.wikipedia.org/wiki/Maestro_Venceslao,
Via Adolfo Endrizzi,,
Salita Giovanni Ciccolini,http://www.agiati.it/ara_abbonamenti.jsp?ID_LINK=113111&area=195&id_context=322366,
Salita Vittorio Largaiolli,,
Vicolo San Marco,,
Via Giancarlo Maroni,https://it.wikipedia.org/wiki/Giancarlo_Maroni,https://upload.wikimedia.org/wikipedia/commons/thumb/2/29/Puglia_%28Vittoriale_degli_italiani%29_-_DSC02088.JPG/220px-Puglia_%28Vittoriale_degli_italiani%29_-_DSC02088.JPG
Piazzale Lionello Groff,http://dati.camera.it/ocd/deputato.rdf/dr4645_26,http://archivio.camera.it/resources/ad07/low/imageG/groff_l.jpg
Salita Giovanni Perugini,,
Via Francesco Oradini,http://ricerca.gelocal.it/trentinocorrierealpi/archivio/trentinocorrierealpi/2004/07/13/AG3PO_AG307.html,
Via Stefano Salterio,https://it.wikipedia.org/wiki/Stefano_Salterio,
Piazza dei Cappuccini,,
Via dei Cappuccini,,
Via Don Lorenzo Milani,https://it.wikipedia.org/wiki/Lorenzo_Guetti,
Via Francesco Mattedi,,
Via Edmondo de Amicis,https://it.wikipedia.org/wiki/Edmondo_De_Amicis,https://upload.wikimedia.org/wikipedia/commons/thumb/e/ea/Edmondo_De_Amicis.jpg/220px-Edmondo_De_Amicis.jpg
Via di San Fabiano,,
Via Don Giacomo Gius Trentini,,
Via don Giovanni Battista Corradi,,
Via Carlo Bertoldi,,
Via Giovanni Prati,https://it.wikipedia.org/wiki/Giovanni_Prati,https://upload.wikimedia.org/wikipedia/it/thumb/0/05/Giovanni_Prati_%28ovale%29.jpg/250px-Giovanni_Prati_%28ovale%29.jpg
Via Gian Battista Lampi,https://it.wikipedia.org/wiki/Giovanni_Battista_Lampi,
Viale Adriano Olivetti,https://it.wikipedia.org/wiki/Adriano_Olivetti,https://upload.wikimedia.org/wikipedia/it/thumb/0/08/Adriano_Olivetti_fotoritratto.jpg/200px-Adriano_Olivetti_fotoritratto.jpg
Via Adalberto Libera,https://it.wikipedia.org/wiki/Adalberto_Libera,
Passaggio Giuseppe Sebesta,http://www.angelosiciliano.com/Giuseppe%20%C5%A0ebesta.htm,
Passaggio Ezio Clementel,https://it.wikipedia.org/wiki/Universit%C3%A0_degli_Studi_di_Trento#Rettori,
Via Giovanni Falcone,https://it.wikipedia.org/wiki/Giovanni_Falcone,https://upload.wikimedia.org/wikipedia/it/thumb/3/3c/Giovanni_Falcone.jpg/220px-Giovanni_Falcone.jpg
Piazza Monsignor Giuseppe Placido Nicolini,https://it.wikipedia.org/wiki/Giuseppe_Placido_Nicolini,https://upload.wikimedia.org/wikipedia/it/thumb/4/49/Giuseppe_Nicolini.jpg/250px-Giuseppe_Nicolini.jpg
Via beato Giacomo Alberione,https://it.wikipedia.org/wiki/Giacomo_Alberione,https://it.wikipedia.org/wiki/File:Don_Giacomo_Alberione.jpeg
Via Luigi Brugnara,https://it.wikipedia.org/wiki/Luigi_Brugnara,https://upload.wikimedia.org/wikipedia/it/thumb/e/ee/Luigi_Brugnara.jpg/220px-Luigi_Brugnara.jpg
Piazza San Leonardo,,
Via Paolo Borsellino,https://it.wikipedia.org/wiki/Paolo_Borsellino,https://upload.wikimedia.org/wikipedia/it/1/1f/Paolo_Borsellino.jpg
piazzale Livio Oberosler,,
Portico Sabino Uber,http://trentinocorrierealpi.gelocal.it/trento/cronaca/2012/07/06/news/la-circoscrizione-il-portico-venga-intitolato-a-sabino-uber-1.5370131,
Via Gaspare Crivelli,http://www.comune.pergine.tn.it/sites/default/files/Crivelli.pdf,
Via Silvio Pegoretti,http://www.acligardolo.it/storia.htm,
Via Guido Polo,,
Via San Rocco,,
Piazza General Antonio Cantore,https://it.wikipedia.org/wiki/Antonio_Cantore,https://upload.wikimedia.org/wikipedia/it/thumb/f/f7/Cantore.gif/111px-Cantore.gif
Giardino Alessandro Volta,https://it.wikipedia.org/wiki/Alessandro_Volta,https://upload.wikimedia.org/wikipedia/commons/thumb/5/52/Alessandro_Volta.jpeg/244px-Alessandro_Volta.jpeg
Massimiliano I d'Asburgo,https://it.wikipedia.org/wiki/Massimiliano_I_d'Asburgo,https://upload.wikimedia.org/wikipedia/commons/thumb/c/ce/Albrecht_D%C3%BCrer_084b.jpg/245px-Albrecht_D%C3%BCrer_084b.jpg
giardino Giuseppe Gilli,https://it.wikipedia.org/wiki/Supersprint,
giardino Enrico Pruner,https://it.wikipedia.org/wiki/Enrico_Pruner,
giardino Mattia Giosafat,http://ricerca.gelocal.it/trentinocorrierealpi/archivio/trentinocorrierealpi/2007/02/07/AN9PO_AN903.html,
giardino Enrico Conci,https://it.wikipedia.org/wiki/Enrico_Conci,https://upload.wikimedia.org/wikipedia/it/thumb/e/e9/Enrico_Conci.jpg/200px-Enrico_Conci.jpg
Piazza Mario Pasi,https://it.wikipedia.org/wiki/Mario_Pasi,https://upload.wikimedia.org/wikipedia/it/thumb/5/53/Mario_Pasi.jpg/220px-Mario_Pasi.jpg
Piazza Alessandro Vittoria,https://it.wikipedia.org/wiki/Alessandro_Vittoria,https://it.wikipedia.org/wiki/File:Paolo_Veronese_044.jpg
Piazza Giovanni Battista Garzetti,https://it.wikipedia.org/wiki/Antonio_Mazzetti#cite_note-1,
Piazza Giuseppe Menghin,,
Piazza Cesare Battisti,https://it.wikipedia.org/wiki/Cesare_Battisti,https://upload.wikimedia.org/wikipedia/it/thumb/6/6c/Cesare-Battisti-guerra.JPG/149px-Cesare-Battisti-guerra.JPG
Piazza dei Santi Filippo e Giacomo,,
Piazza Dante Alighieri,https://it.wikipedia.org/wiki/Dante_Alighieri,https://upload.wikimedia.org/wikipedia/commons/thumb/6/6f/Portrait_de_Dante.jpg/220px-Portrait_de_Dante.jpg
Piazzetta Bruno Lunelli,https://it.wikipedia.org/wiki/Cantine_Ferrari,
Piazza Giannantonio Manci,https://it.wikipedia.org/wiki/Giannantonio_Manci,https://upload.wikimedia.org/wikipedia/it/thumb/0/05/Giannantonio_Manci.jpg/220px-Giannantonio_Manci.jpg
Piazza Natale Tommasi,https://it.wikipedia.org/wiki/Palazzo_di_Giustizia_%28Trento%29#Descrizione,
Piazza Ezio Mosna,,
Piazzetta Luigi Negrelli,https://it.wikipedia.org/wiki/Luigi_Negrelli,https://upload.wikimedia.org/wikipedia/it/b/b7/Luigi_Negrelli.JPG
Piazzetta Michael Gaismayr,https://it.wikipedia.org/wiki/Michael_Gaismair,
Piazzetta Nicolò Rasmo,https://it.wikipedia.org/wiki/Nicol%C3%B2_Rasmo,
Piazza Giuseppe Perrucchetti,https://it.wikipedia.org/wiki/Giuseppe_Perrucchetti,https://upload.wikimedia.org/wikipedia/commons/c/ca/Giuseppe_Perruchetti.gif
Piazza San Leonardo,,
Piazzale Camillo Rusconi,,
Piazza Adamo D'Arogno,https://it.wikipedia.org/wiki/Adamo_d'Arogno,
Piazzetta Padre Diego Lainez,https://it.wikipedia.org/wiki/Diego_La%C3%ADnez,https://upload.wikimedia.org/wikipedia/commons/thumb/5/57/Diego_La%C3%ADnez.jpg/220px-Diego_La%C3%ADnez.jpg
